# t	mean rho	mean rhoJ	in 4 #
0.000	0.00	0.00
10.000	0.00	-0.00
20.000	0.00	-0.00
30.000	0.00	0.00
40.000	0.00	0.00
50.000	0.00	0.00
60.000	0.00	0.00
70.000	0.00	-0.00
80.000	0.00	-0.00
90.000	0.00	-0.00
100.000	0.00	-0.00
110.000	0.00	-0.00
120.000	0.00	-0.00
130.000	0.00	-0.00
140.000	0.00	0.00
150.000	0.00	-0.00
160.000	0.00	-0.00
170.000	0.00	-0.00
180.000	0.00	-0.00
190.000	0.00	-0.00
200.000	0.00	0.00
210.000	0.00	-0.00
220.000	0.00	0.00
230.000	0.00	-0.00
240.000	0.00	0.00
250.000	0.00	-0.00
260.000	0.00	0.00
270.000	0.00	0.00
280.000	0.00	0.00
290.000	0.00	-0.00
300.000	0.00	-0.00
310.000	0.00	0.00
320.000	0.00	0.00
330.000	0.00	-0.00
340.000	0.00	0.00
350.000	0.00	0.00
360.000	0.00	0.00
370.000	0.00	0.00
380.000	0.00	-0.00
390.000	0.00	-0.00
400.000	0.00	-0.00
410.000	0.00	-0.00
420.000	0.00	0.00
430.000	0.00	-0.00
440.000	0.00	-0.00
450.000	0.00	0.00
460.000	0.00	-0.00
470.000	0.00	0.00
480.000	0.00	-0.00
490.000	0.00	-0.00
500.000	0.00	-0.00
510.000	0.00	0.00
520.000	0.00	0.00
530.000	0.00	-0.00
540.000	0.00	0.00
550.000	0.00	-0.00
560.000	0.00	0.00
570.000	0.00	-0.00
580.000	0.00	0.00
590.000	0.00	0.00
600.000	0.00	0.00
610.000	0.00	-0.00
620.000	0.00	-0.00
630.000	0.00	-0.00
640.000	0.00	0.00
650.000	0.00	-0.00
660.000	0.00	0.00
670.000	0.00	0.00
680.000	0.00	0.00
690.000	0.00	-0.00
700.000	0.00	-0.00
710.000	0.00	0.00
720.000	0.00	-0.00
730.000	0.00	-0.00
740.000	0.00	0.00
750.000	0.00	-0.00
760.000	0.00	-0.00
770.000	0.00	0.00
780.000	0.00	-0.00
790.000	0.00	0.00
800.000	0.00	0.00
810.000	0.00	-0.00
820.000	0.00	-0.00
830.000	0.00	0.00
840.000	0.00	-0.00
850.000	0.00	-0.00
860.000	0.00	-0.00
870.000	0.00	0.00
880.000	0.00	-0.00
890.000	0.00	0.00
900.000	0.00	0.00
910.000	0.00	0.00
920.000	0.00	-0.00
930.000	0.00	-0.00
940.000	0.00	0.00
950.000	0.00	0.00
960.000	0.00	-0.00
970.000	0.00	-0.00
980.000	0.00	0.00
990.000	0.00	0.00
1000.000	0.00	0.00
1010.000	0.00	-0.00
1020.000	0.00	-0.00
1030.000	0.00	-0.00
1040.000	0.00	0.00
1050.000	0.00	-0.00
1060.000	0.00	-0.00
1070.000	0.00	-0.00
1080.000	0.00	-0.00
1090.000	0.00	-0.00
1100.000	0.00	-0.00
1110.000	0.00	-0.00
1120.000	0.00	-0.00
1130.000	0.00	-0.00
1140.000	0.00	0.00
1150.000	0.00	-0.00
1160.000	0.00	-0.00
1170.000	0.00	-0.00
1180.000	0.00	-0.00
1190.000	0.00	0.00
1200.000	0.00	0.00
1210.000	0.00	0.00
1220.000	0.00	0.00
1230.000	0.00	-0.00
1240.000	0.00	-0.00
1250.000	0.00	-0.00
1260.000	0.00	0.00
1270.000	0.00	0.00
1280.000	0.00	-0.00
1290.000	0.00	0.00
1300.000	0.00	0.00
1310.000	0.00	0.00
1320.000	0.00	-0.00
1330.000	0.00	-0.00
1340.000	0.00	-0.00
1350.000	0.00	0.00
1360.000	0.00	-0.00
1370.000	0.00	-0.00
1380.000	0.00	-0.00
1390.000	0.00	-0.00
1400.000	0.00	0.00
1410.000	0.00	-0.00
1420.000	0.00	0.00
1430.000	0.00	0.00
1440.000	0.00	-0.00
1450.000	0.00	0.00
1460.000	0.00	-0.00
1470.000	0.00	-0.00
1480.000	0.00	0.00
1490.000	0.00	-0.00
1500.000	0.00	0.00
1510.000	0.00	-0.00
1520.000	0.00	0.00
1530.000	0.00	0.00
1540.000	0.00	0.00
1550.000	0.00	0.00
1560.000	0.00	-0.00
1570.000	0.00	-0.00
1580.000	0.00	0.00
1590.000	0.00	-0.00
1600.000	0.00	0.00
1610.000	0.00	0.00
1620.000	0.00	-0.00
1630.000	0.00	0.00
1640.000	0.00	-0.00
1650.000	0.00	-0.00
1660.000	0.00	-0.00
1670.000	0.00	-0.00
1680.000	0.00	-0.00
1690.000	0.00	-0.00
1700.000	0.00	0.00
1710.000	0.00	-0.00
1720.000	0.00	0.00
1730.000	0.00	-0.00
1740.000	0.00	-0.00
1750.000	0.00	-0.00
1760.000	0.00	-0.00
1770.000	0.00	0.00
1780.000	0.00	-0.00
1790.000	0.00	0.00
1800.000	0.00	-0.00
1810.000	0.00	-0.00
1820.000	0.00	-0.00
1830.000	0.00	0.00
1840.000	0.00	0.00
1850.000	0.00	0.00
1860.000	0.00	-0.00
1870.000	0.00	-0.00
1880.000	0.00	0.00
1890.000	0.00	0.00
1900.000	0.00	-0.00
1910.000	0.00	-0.00
1920.000	0.00	0.00
1930.000	0.00	0.00
1940.000	0.00	0.00
1950.000	0.00	-0.00
1960.000	0.00	-0.00
1970.000	0.00	0.00
1980.000	0.00	-0.00
1990.000	0.00	0.00
2000.000	0.00	-0.00
2010.000	0.00	0.00
2020.000	0.00	0.00
2030.000	0.00	-0.00
2040.000	0.00	0.00
2050.000	0.00	0.00
2060.000	0.00	0.00
2070.000	0.00	-0.00
2080.000	0.00	0.00
2090.000	0.00	0.00
2100.000	0.00	-0.00
2110.000	0.00	-0.00
2120.000	0.00	-0.00
2130.000	0.00	0.00
2140.000	0.00	0.00
2150.000	0.00	0.00
2160.000	0.00	0.00
2170.000	0.00	-0.00
2180.000	0.00	-0.00
2190.000	0.00	-0.00
2200.000	0.00	-0.00
2210.000	0.00	0.00
2220.000	0.00	-0.00
2230.000	0.00	-0.00
2240.000	0.00	0.00
2250.000	0.00	-0.00
2260.000	0.00	-0.00
2270.000	0.00	-0.00
2280.000	0.00	-0.00
2290.000	0.00	-0.00
2300.000	0.00	-0.00
2310.000	0.00	0.00
2320.000	0.00	-0.00
2330.000	0.00	-0.00
2340.000	0.00	0.00
2350.000	0.00	-0.00
2360.000	0.00	-0.00
2370.000	0.00	-0.00
2380.000	0.00	-0.00
2390.000	0.00	0.00
2400.000	0.00	0.00
2410.000	0.00	-0.00
2420.000	0.00	-0.00
2430.000	0.00	0.00
2440.000	0.00	-0.00
2450.000	0.00	-0.00
2460.000	0.00	0.00
2470.000	0.00	0.00
2480.000	0.00	0.00
2490.000	0.00	-0.00
2500.000	0.00	-0.00
2510.000	0.00	0.00
2520.000	0.00	0.00
2530.000	0.00	0.00
2540.000	0.00	0.00
2550.000	0.00	0.00
2560.000	0.00	0.00
2570.000	0.00	-0.00
2580.000	0.00	-0.00
2590.000	0.00	0.00
2600.000	0.00	-0.00
2610.000	0.00	-0.00
2620.000	0.00	0.00
2630.000	0.00	-0.00
2640.000	0.00	0.00
2650.000	0.00	-0.00
2660.000	0.00	-0.00
2670.000	0.00	0.00
2680.000	0.00	-0.00
2690.000	0.00	-0.00
2700.000	0.00	-0.00
2710.000	0.00	0.00
2720.000	0.00	-0.00
2730.000	0.00	-0.00
2740.000	0.00	-0.00
2750.000	0.00	-0.00
2760.000	0.00	0.00
2770.000	0.00	0.00
2780.000	0.00	0.00
2790.000	0.00	0.00
2800.000	0.00	-0.00
2810.000	0.00	-0.00
2820.000	0.00	0.00
2830.000	0.00	0.00
2840.000	0.00	-0.00
2850.000	0.00	-0.00
2860.000	0.00	-0.00
2870.000	0.00	0.00
2880.000	0.00	-0.00
2890.000	0.00	-0.00
2900.000	0.00	-0.00
2910.000	0.00	0.00
2920.000	0.00	-0.00
2930.000	0.00	0.00
2940.000	0.00	-0.00
2950.000	0.00	-0.00
2960.000	0.00	-0.00
2970.000	0.00	0.00
2980.000	0.00	-0.00
2990.000	0.00	0.00
3000.000	0.00	-0.00
3010.000	0.00	0.00
3020.000	0.00	0.00
3030.000	0.00	-0.00
3040.000	0.00	0.00
3050.000	0.00	0.00
3060.000	0.00	-0.00
3070.000	0.00	0.00
3080.000	0.00	0.00
3090.000	0.00	0.00
3100.000	0.00	0.00
3110.000	0.00	-0.00
3120.000	0.00	-0.00
3130.000	0.00	-0.00
3140.000	0.00	-0.00
3150.000	0.00	0.00
3160.000	0.00	0.00
3170.000	0.00	0.00
3180.000	0.00	0.00
3190.000	0.00	0.00
3200.000	0.00	0.00
3210.000	0.00	-0.00
3220.000	0.00	0.00
3230.000	0.00	-0.00
3240.000	0.00	-0.00
3250.000	0.00	-0.00
3260.000	0.00	-0.00
3270.000	0.00	-0.00
3280.000	0.00	-0.00
3290.000	0.00	-0.00
3300.000	0.00	-0.00
3310.000	0.00	-0.00
3320.000	0.00	-0.00
3330.000	0.00	-0.00
3340.000	0.00	0.00
3350.000	0.00	-0.00
3360.000	0.00	-0.00
3370.000	0.00	-0.00
3380.000	0.00	-0.00
3390.000	0.00	0.00
3400.000	0.00	0.00
3410.000	0.00	0.00
3420.000	0.00	0.00
3430.000	0.00	0.00
3440.000	0.00	-0.00
3450.000	0.00	0.00
3460.000	0.00	0.00
3470.000	0.00	-0.00
3480.000	0.00	-0.00
3490.000	0.00	-0.00
3500.000	0.00	-0.00
3510.000	0.00	-0.00
3520.000	0.00	-0.00
3530.000	0.00	0.00
3540.000	0.00	0.00
3550.000	0.00	0.00
3560.000	0.00	0.00
3570.000	0.00	0.00
3580.000	0.00	0.00
3590.000	0.00	0.00
3600.000	0.00	0.00
3610.000	0.00	-0.00
3620.000	0.00	0.00
3630.000	0.00	0.00
3640.000	0.00	0.00
3650.000	0.00	0.00
3660.000	0.00	0.00
3670.000	0.00	0.00
3680.000	0.00	0.00
3690.000	0.00	-0.00
3700.000	0.00	-0.00
3710.000	0.00	-0.00
3720.000	0.00	-0.00
3730.000	0.00	-0.00
3740.000	0.00	-0.00
3750.000	0.00	-0.00
3760.000	0.00	0.00
3770.000	0.00	0.00
3780.000	0.00	0.00
3790.000	0.00	0.00
3800.000	0.00	0.00
3810.000	0.00	0.00
3820.000	0.00	0.00
3830.000	0.00	0.00
3840.000	0.00	0.00
3850.000	0.00	-0.00
3860.000	0.00	-0.00
3870.000	0.00	-0.00
3880.000	0.00	-0.00
3890.000	0.00	-0.00
3900.000	0.00	-0.00
3910.000	0.00	-0.00
3920.000	0.00	-0.00
3930.000	0.00	0.00
3940.000	0.00	-0.00
3950.000	0.00	-0.00
3960.000	0.00	-0.00
3970.000	0.00	-0.00
3980.000	0.00	-0.00
3990.000	0.00	-0.00
4000.000	0.00	0.00
4010.000	0.00	0.00
4020.000	0.00	0.00
4030.000	0.00	0.00
4040.000	0.00	0.00
4050.000	0.00	0.00
4060.000	0.00	-0.00
4070.000	0.00	-0.00
4080.000	0.00	-0.00
4090.000	0.00	-0.00
4100.000	0.00	0.00
4110.000	0.00	-0.00
4120.000	0.00	0.00
4130.000	0.00	-0.00
4140.000	0.00	0.00
4150.000	0.00	-0.00
4160.000	0.00	-0.00
4170.000	0.00	-0.00
4180.000	0.00	0.00
4190.000	0.00	0.00
4200.000	0.00	0.00
4210.000	0.00	0.00
4220.000	0.00	0.00
4230.000	0.00	0.00
4240.000	0.00	0.00
4250.000	0.00	0.00
4260.000	0.00	0.00
4270.000	0.00	0.00
4280.000	0.00	0.00
4290.000	0.00	0.00
4300.000	0.00	0.00
4310.000	0.00	0.00
4320.000	0.00	-0.00
4330.000	0.00	-0.00
4340.000	0.00	0.00
4350.000	0.00	-0.00
4360.000	0.00	-0.00
4370.000	0.00	0.00
4380.000	0.00	-0.00
4390.000	0.00	-0.00
4400.000	0.01	-0.00
4410.000	0.01	0.00
4420.000	0.01	-0.00
4430.000	0.01	0.00
4440.000	0.01	0.00
4450.000	0.01	0.00
4460.000	0.01	0.00
4470.000	0.01	0.00
4480.000	0.01	-0.00
4490.000	0.01	-0.00
4500.000	0.02	-0.00
4510.000	0.02	-0.00
4520.000	0.02	-0.00
4530.000	0.02	-0.00
4540.000	0.02	0.00
4550.000	0.03	-0.00
4560.000	0.03	-0.00
4570.000	0.03	-0.00
4580.000	0.04	-0.00
4590.000	0.04	-0.00
4600.000	0.04	-0.00
4610.000	0.05	0.00
4620.000	0.06	0.00
4630.000	0.06	0.00
4640.000	0.07	0.00
4650.000	0.08	-0.00
4660.000	0.09	0.00
4670.000	0.10	-0.00
4680.000	0.11	-0.00
4690.000	0.12	0.00
4700.000	0.13	0.00
4710.000	0.15	0.00
4720.000	0.17	-0.00
4730.000	0.18	0.00
4740.000	0.21	0.00
4750.000	0.23	0.00
4760.000	0.25	-0.00
4770.000	0.28	0.00
4780.000	0.31	0.00
4790.000	0.35	-0.00
4800.000	0.39	0.00
4810.000	0.43	0.00
4820.000	0.48	-0.00
4830.000	0.54	0.00
4840.000	0.60	-0.00
4850.000	0.67	-0.01
4860.000	0.75	0.01
4870.000	0.83	0.00
4880.000	0.92	0.00
4890.000	1.03	0.01
4900.000	1.15	-0.03
4910.000	1.28	0.03
4920.000	1.41	0.01
4930.000	1.57	0.00
4940.000	1.75	0.01
4950.000	1.96	-0.00
4960.000	2.20	0.00
4970.000	2.44	-0.01
4980.000	2.74	0.02
4990.000	3.06	0.00
5000.000	3.43	-0.06
5010.000	3.81	-0.03
5020.000	4.26	-0.03
5030.000	4.75	-0.03
5040.000	5.29	-0.13
5050.000	5.88	-0.07
5060.000	6.54	-0.09
5070.000	7.25	-0.15
5080.000	8.09	-0.03
5090.000	8.96	-0.02
5100.000	9.99	0.11
5110.000	11.04	0.02
5120.000	12.31	-0.00
5130.000	13.75	0.18
5140.000	15.34	-0.17
5150.000	17.30	-0.49
5160.000	19.26	-0.02
5170.000	21.33	0.05
5180.000	23.78	-0.11
5190.000	26.53	-0.01
5200.000	29.59	0.05
5210.000	32.91	0.74
5220.000	36.90	-0.73
5230.000	40.62	-0.09
5240.000	45.26	0.05
5250.000	50.55	-0.15
5260.000	56.30	-0.05
5270.000	62.40	-0.02
5280.000	70.11	0.31
5290.000	78.42	1.08
5300.000	88.19	0.13
5310.000	98.42	-0.04
5320.000	109.15	-1.33
5330.000	122.11	-1.07
5340.000	136.20	0.20
5350.000	151.70	0.97
5360.000	168.81	-1.83
5370.000	187.51	-1.91
5380.000	209.27	-4.02
5390.000	234.12	7.13
5400.000	256.71	0.20
5410.000	285.87	1.01
5420.000	317.05	0.29
5430.000	355.34	-1.41
5440.000	393.62	2.95
5450.000	440.54	3.36
5460.000	495.77	-5.09
5470.000	550.93	-5.65
5480.000	611.67	-19.89
5490.000	684.45	-3.27
5500.000	760.21	-0.41
5510.000	848.23	0.85
5520.000	947.40	5.64
5530.000	1049.11	53.42
5540.000	1172.94	-21.72
5550.000	1293.77	-18.57
5560.000	1440.65	-8.14
5570.000	1615.62	9.53
5580.000	1801.62	-3.95
5590.000	2015.36	-2.17
5600.000	2263.60	-19.35
5610.000	2508.89	23.51
5620.000	2798.53	33.79
5630.000	3136.19	44.20
5640.000	3505.43	-65.47
5650.000	3900.06	9.82
5660.000	4345.54	64.52
5670.000	4842.98	7.46
5680.000	5383.81	54.29
5690.000	5980.13	8.01
5700.000	6638.96	37.57
5710.000	7372.12	-1.78
5720.000	8232.03	-157.49
5730.000	9231.07	-47.32
5740.000	10134.39	47.52
5750.000	11153.38	120.16
5760.000	12471.91	50.75
5770.000	14134.99	-100.89
5780.000	15710.60	228.26
5790.000	17589.66	384.12
5800.000	19529.63	-225.70
5810.000	21843.95	16.81
5820.000	24312.46	37.07
5830.000	27112.96	-80.69
5840.000	30216.83	1075.22
5850.000	33853.41	-1787.70
5860.000	37478.48	535.01
5870.000	41440.84	310.36
5880.000	46204.21	-439.01
5890.000	51476.71	53.74
5900.000	57635.33	361.82
5910.000	64052.70	172.40
5920.000	71771.22	-558.60
5930.000	80343.35	752.95
5940.000	89816.40	526.12
5950.000	100180.96	1853.98
5960.000	111986.50	-110.65
5970.000	124579.18	-504.65
5980.000	138998.76	-1880.07
5990.000	154618.39	-856.23
6000.000	172201.52	-23.90
6010.000	191339.41	889.35
6020.000	212718.85	-1722.01
6030.000	235665.54	348.77
6040.000	259532.85	-316.52
6050.000	291962.50	-245.67
6060.000	325639.71	-19.17
6070.000	364998.12	-2918.64
6080.000	402253.89	10416.90
6090.000	452556.97	-4980.91
6100.000	503961.46	-8092.95
6110.000	564440.19	6493.42
6120.000	626114.96	-49.10
6130.000	698100.96	117.44
6140.000	777858.72	-259.23
6150.000	870534.41	-17532.65
6160.000	968936.26	8596.91
6170.000	1072641.64	1255.91
6180.000	1189623.81	16899.50
6190.000	1320747.19	12019.54
6200.000	1486873.65	-6781.58
6210.000	1640014.19	11545.78
6220.000	1852167.08	-4776.15
6230.000	2080561.77	3334.84
6240.000	2291750.05	-25899.15
6250.000	2571468.96	2127.78
6260.000	2886099.09	-7983.01
6270.000	3213703.49	59001.48
6280.000	3586161.05	-52711.76
6290.000	3989417.28	-31208.50
6300.000	4436024.54	-21915.11
6310.000	4940401.77	73074.68
6320.000	5498949.50	195440.05
6330.000	6098383.74	34114.02
6340.000	6787347.08	-10393.09
6350.000	7484192.83	32609.22
6360.000	8412358.75	-153341.52
6370.000	9294466.13	28287.23
6380.000	10297143.31	25327.32
6390.000	11495868.38	-29282.79
6400.000	12995123.96	211950.38
6410.000	14471719.52	-433723.61
6420.000	16138601.23	21667.54
6430.000	17962964.58	-1455.10
6440.000	20019713.68	16366.75
6450.000	22310401.68	-30846.42
6460.000	24824573.19	-39450.76
6470.000	27814737.65	-536108.28
6480.000	30914980.93	435727.10
6490.000	34203990.27	-325995.42
6500.000	38043332.47	-171884.23
6510.000	42244570.41	-124304.36
6520.000	47370870.39	35699.40
6530.000	52980575.32	107385.41
6540.000	58772231.04	137894.32
6550.000	66295824.46	-291151.44
6560.000	73781975.98	-821591.49
6570.000	82178398.43	-727452.28
6580.000	91907053.71	-1996729.03
6590.000	102558569.34	562695.49
6600.000	114243732.41	436517.52
6610.000	127451817.20	-792730.96
6620.000	141729335.35	-155464.49
6630.000	157620712.56	606473.63
6640.000	175035623.64	181117.14
6650.000	195107684.41	2452927.66
6660.000	216675497.76	628144.79
6670.000	240644684.31	3074432.21
6680.000	264608136.57	1430482.49
6690.000	296907217.82	2580990.15
6700.000	334602602.30	27996247.71
6710.000	368113251.30	-58854.41
6720.000	415178814.99	-13586474.20
6730.000	463740402.37	-4497133.98
6740.000	515265723.68	9083901.13
6750.000	573211895.25	-2475917.92
6760.000	639829169.75	168417.94
6770.000	712992847.02	8382.02
6780.000	795487397.39	-16001852.72
6790.000	888227288.95	-4255328.97
6800.000	984426075.18	-10457264.08
6810.000	1086224016.39	-11173157.03
6820.000	1220597274.59	-4618971.35
6830.000	1358458684.62	1359984.29
6840.000	1520411530.19	-187986.32
6850.000	1699058708.30	-9368532.11
6860.000	1887311028.22	10769817.63
6870.000	2121114139.73	-17211598.58
6880.000	2352947437.81	-17979986.53
6890.000	2638280472.22	-6416748.87
6900.000	2942376609.05	-7398607.42
6910.000	3285307252.34	67983931.77
6920.000	3657829190.73	-25882691.68
6930.000	4071421928.55	-3490905.72
6940.000	4531890381.35	-11193144.79
6950.000	5042354958.87	-129145.78
6960.000	5578953408.21	-48840775.37
6970.000	6197895246.27	-89214418.82
6980.000	6905644346.36	68803861.63
6990.000	7640383409.06	49461325.76
7000.000	8526572020.18	33825794.91
7010.000	9473873600.16	-6578775.06
7020.000	10630436453.56	-16465121.15
7030.000	11973017870.28	-291678611.40
7040.000	13277723805.56	-115931036.93
7050.000	14768975957.70	-556519355.80
7060.000	16522712283.27	108424812.85
7070.000	18332309859.42	23052.16
7080.000	20457526292.82	-47885243.70
7090.000	22806983413.54	224723943.17
7100.000	25466327946.04	-508244264.68
7110.000	28353101732.08	-571398548.57
7120.000	31313574136.73	-207746299.34
7130.000	34811091189.45	229340214.92
7140.000	38828968588.33	301065753.32
7150.000	43223198005.09	-76791147.13
7160.000	48613974606.51	14864470.11
7170.000	53796292176.15	-227701971.80
7180.000	60587480536.00	611507227.22
7190.000	67518966571.10	635049736.38
7200.000	75698371352.87	404151269.29
7210.000	84603070927.67	695089124.10
7220.000	94186087016.81	-216203909.28
7230.000	104918225079.90	595562826.13
7240.000	116777325925.76	-1162300989.86
7250.000	129825099827.03	754180870.15
7260.000	144439014499.77	97108493.97
7270.000	160091059933.50	-2697823594.06
7280.000	178814762799.74	-1131823873.00
7290.000	198549926480.95	-490489202.91
7300.000	220940657910.92	235109209.68
7310.000	243954018723.21	-275425889.39
7320.000	270612523109.03	1101780282.10
7330.000	301716585595.18	2434411408.33
7340.000	340734849405.95	-1601651037.98
7350.000	381893868303.23	-5900898458.88
7360.000	423479876283.36	6060411154.36
7370.000	471214243454.61	-4260956338.47
7380.000	526014043183.97	518425534.53
7390.000	586394912735.40	389499982.27
7400.000	653859111428.15	-776934384.49
7410.000	725882951640.07	31980349208.29
7420.000	816298604655.57	-18665557099.29
7430.000	896904700774.59	18859858031.77
7440.000	997057481775.89	16498609632.98
7450.000	1112059050203.63	-5876746926.61
7460.000	1256858521126.75	-3469893427.74
7470.000	1395440829857.76	-645806895.88
7480.000	1547395047279.91	9012346418.52
7490.000	1732249323703.98	-6596556017.30
7500.000	1937980083122.20	32896151631.37
7510.000	2175348267958.58	36698586952.87
7520.000	2413906939871.27	-43406118709.70
7530.000	2698854810179.47	-26701426640.21
7540.000	3006621250223.96	14011217208.04
7550.000	3351256184790.06	-16195781440.44
7560.000	3731275546366.23	-9203756925.41
7570.000	4146753280043.61	894243037.01
7580.000	4614617507588.05	-125628547284.19
7590.000	5137785704550.30	-19491222852.29
7600.000	5718345124054.92	-17273833671.98
7610.000	6304724116176.28	-42420043784.11
7620.000	7021243726803.33	-8579374520.03
7630.000	7793734825982.46	-27454071899.14
7640.000	8720447793927.97	-26545017249.02
7650.000	9708986152872.72	125961094023.55
7660.000	10956425662763.49	7173220253.46
7670.000	12164397912321.01	-34518469843.65
7680.000	13571003754007.25	34458225317.12
7690.000	15106432813685.97	41269139365.43
7700.000	16811836206484.38	-32847943772.13
7710.000	18749697974472.95	-44966553503.94
7720.000	20931549657551.11	-410217049401.18
7730.000	23348342096556.20	29948471497.40
7740.000	25941653040721.69	1990147554614.22
7750.000	28745435003459.54	-201265767102.17
7760.000	31870911337263.69	209397078106.21
7770.000	35738619932011.96	153613106412.36
7780.000	39713557131032.09	59377161031.50
7790.000	44488468879727.99	36029684844.68
7800.000	50254980319572.17	-323142788661.90
7810.000	55069948463675.17	47183401220.99
7820.000	61819657831858.02	371055774937.69
7830.000	69318241215189.30	267835344935.73
7840.000	77482303492772.27	-1303198212651.61
7850.000	86444706018347.09	-756621255893.93
7860.000	96102120704649.81	-1304226095528.13
7870.000	106933010744514.88	-772214298064.62
7880.000	119130298577617.16	468820714315.11
7890.000	132153026855255.25	1306931251277.86
7900.000	146868644751331.34	3210173882017.94
7910.000	164333736980411.06	-348935034794.57
7920.000	180896074745874.50	693060919042.68
7930.000	204017366573143.19	-1277927431133.59
7940.000	224572661272525.34	169331335215.28
7950.000	247328556479207.16	985018318267.60
7960.000	277598391840448.22	-2862267843174.79
7970.000	313034571915550.12	-443837237576.44
7980.000	349099984770680.44	-4155824083246.89
7990.000	388643838963016.06	8407001758170.17
8000.000	433013104535300.38	-4100493941579.73
8010.000	482899018180244.81	1254284456196.86
8020.000	537792931289405.81	-378327932694.24
8030.000	599068291380185.00	-4463560073196.73
8040.000	667860121157256.00	7792559429935.47
8050.000	746605011933828.62	2291394059440.67
8060.000	824422620310727.38	-1635368672713.14
8070.000	916419993509292.88	-600601300371.71
8080.000	1017513606782958.75	4901248988316.50
8090.000	1142480665825607.00	-1388834593028.88
8100.000	1276026063341851.25	-94702418386.16
8110.000	1416395013105255.75	900921793197.76
8120.000	1592567058785239.50	-12906118703989.83
8130.000	1775727943075169.75	-35265815644865.17
8140.000	1983153929646667.25	-13044933195521.82
8150.000	2215728212524598.25	1171088443886.36
8160.000	2469960301403467.00	-4639847733360.38
8170.000	2761874298365159.00	6254927544225.96
8180.000	3075624991854972.50	-11335044733184.27
8190.000	3417484857207648.00	4036998044845.72
8200.000	3807543866052436.50	14460266580412.21
8210.000	4231101529931314.50	127931964281990.11
8220.000	4699159772861935.00	72513857565810.56
8230.000	5229680889321667.00	79534142551555.05
8240.000	5775984620828538.00	-7290545720751.81
8250.000	6410635027513296.00	19458989157380.73
8260.000	7205114366785022.00	30275635905915.83
8270.000	8054169899608147.00	-2939252447966.35
8280.000	8884636335886021.00	20047788156711.58
8290.000	9976404909204120.00	-417317538655832.81
8300.000	11161435542644872.00	-273296489206868.75
8310.000	12454182527661050.00	252882522766582.38
8320.000	13806984311122488.00	-81597340884431.53
8330.000	15429484649137050.00	-177874849517.45
8340.000	17188401531863618.00	51441176705210.67
8350.000	19253967389470084.00	-678299045021384.75
8360.000	21716406800018104.00	-2404003503228778.00
8370.000	23757883510154004.00	86625529141470.97
8380.000	26243476848227656.00	517888039191905.44
8390.000	29283333518926868.00	125766901348445.88
8400.000	32852060953001508.00	-36229595279361.17
8410.000	36380932933882296.00	110193451478170.27
8420.000	40737848950914312.00	30028001613559.05
8430.000	45782731785908648.00	377735202030258.06
8440.000	51157979549489656.00	-430535365221254.38
8450.000	56614869714010360.00	-767294330847195.88
8460.000	63517164672728456.00	727033991746801.12
8470.000	71022143565674848.00	1261121006902922.50
8480.000	79037090455120016.00	-29121479238594.40
8490.000	88227174852213280.00	2980526030325802.00
8500.000	98052442472359760.00	2651803034366097.50
8510.000	109353072217122192.00	322022846259842.69
8520.000	121267471881328688.00	1375726638445317.25
8530.000	133978614152390832.00	4423754127359492.00
8540.000	150054263425155808.00	730604664507634.38
8550.000	166794559079813120.00	762008690093683.38
8560.000	185431557033886752.00	680511262541756.38
8570.000	203872592911028192.00	1441537188639670.50
8580.000	227892468208389184.00	891656088662360.38
8590.000	257478972294004960.00	-2485647980525035.50
8600.000	287349819214211136.00	-5711190160207487.00
8610.000	319839657950366464.00	-8681348709935770.00
8620.000	356456189816882112.00	-12098568345877138.00
8630.000	398054451689401856.00	2743390232349441.00
8640.000	442580235537117696.00	474486050303741.38
8650.000	493110089165606592.00	-702187873840967.62
8660.000	549951963642708416.00	1950979376024555.50
8670.000	615706641144775424.00	-22136744073731456.00
8680.000	684909619041369472.00	-4950046061677610.00
8690.000	754266229407717120.00	782189564247673.75
8700.000	838748978794404992.00	-1579631255803864.00
8710.000	934695283291213312.00	7459605761983767.00
8720.000	1042270414326990592.00	-2368948479131719.00
8730.000	1176948130334149888.00	-840188751409011.00
8740.000	1301533569980082944.00	-6369530534389584.00
8750.000	1462797629293694464.00	8078133734824926.00
8760.000	1629932875046846208.00	4401072278436558.50
8770.000	1828727883305348096.00	-30213873226053688.00
8780.000	2036855404334571520.00	-5781171653067357.00
8790.000	2271438222900858112.00	-152267414504346.88
8800.000	2528658282554333184.00	-15508003940160966.00
8810.000	2816557485095384064.00	-25622795642066176.00
8820.000	3135585728023887360.00	-66023006382690176.00
8830.000	3483062241292712960.00	-54985679234565160.00
8840.000	3863299401738805248.00	-56051966393826728.00
8850.000	4320757196544770560.00	-58391981900724328.00
8860.000	4804349711102493696.00	-6705055024450617.00
8870.000	5313325205505013760.00	45570880852293088.00
8880.000	5923282897124724736.00	-28230250877890408.00
8890.000	6527836759872540672.00	35433574188335188.00
8900.000	7311463808409797632.00	87858012171571360.00
8910.000	8151939168442276864.00	14656081709077986.00
8920.000	9188721941233324032.00	-120416097271326800.00
8930.000	10309556580294457344.00	312691399390776960.00
8940.000	11311685157068711936.00	16441594848442688.00
8950.000	12679459483277056000.00	-8526481852814867.00
8960.000	14139177493593880576.00	-8484033560417637.00
8970.000	15778863969238872064.00	29710077603685252.00
8980.000	17523867823673800704.00	260233124565117696.00
8990.000	19682363799843590144.00	-555117378149874816.00
9000.000	21716863690394968064.00	67534141281633256.00
9010.000	24134648681625993216.00	-46772918344718352.00
9020.000	27007784667502252032.00	-56784760782717976.00
9030.000	29760637299884949504.00	509902318212611264.00
9040.000	33537678560265273344.00	28240703419123640.00
9050.000	37448707675300093952.00	13160057047318490.00
9060.000	41571450597513175040.00	439589586189815360.00
9070.000	46934547579569889280.00	465705792052337920.00
9080.000	52531983146062864384.00	358664057474194752.00
9090.000	58389389195101822976.00	-1299111609262398208.00
9100.000	64799187501226975232.00	-120561908022513696.00
9110.000	72634726220416802816.00	94296803663216448.00
9120.000	80927549131192107008.00	686057417413052672.00
9130.000	89957377337336446976.00	825394461113091840.00
9140.000	100085758528203489280.00	-17640275236666594.00
9150.000	111465976130234155008.00	1751149257318802432.00
9160.000	123789348436972781568.00	-626136395273328256.00
9170.000	137352845175149461504.00	-1319203626269684992.00
9180.000	152007701844692664320.00	-373097343975027840.00
9190.000	169548450752727187456.00	1183521953988061696.00
9200.000	188480822506163830784.00	732556528365627008.00
9210.000	211746516165718409216.00	-2815855794461382144.00
9220.000	235568714137058541568.00	2642000813983576576.00
9230.000	263710405088455753728.00	-1739333870165337856.00
9240.000	293582229373177593856.00	1997237843638687232.00
9250.000	325676202697644441600.00	-11412859283718635520.00
9260.000	365276096959114444800.00	-568838714435898304.00
9270.000	405069259240380891136.00	657750665757286016.00
9280.000	452037300908652953600.00	-357212464882550208.00
9290.000	505874793241066536960.00	8349027701111404544.00
9300.000	558319616693357772800.00	34999652084123217920.00
9310.000	626497187839536791552.00	-6691404351310618624.00
9320.000	689706687302099533824.00	419430314419921920.00
9330.000	768563159809118175232.00	793129713897177600.00
9340.000	861731585015929503744.00	-2249396400954053376.00
9350.000	962480914841624510464.00	1077579051726439040.00
9360.000	1076413194294236413952.00	-2532976027452653568.00
9370.000	1200638489848944525312.00	-5274337719688890368.00
9380.000	1334173977552295297024.00	16251180826426595328.00
9390.000	1492469329788160180224.00	11551295178629806080.00
9400.000	1671311005356152061952.00	12112209815447635968.00
9410.000	1867648798137175769088.00	-7703912321064182784.00
9420.000	2081755456092673409024.00	-66926561036352143360.00
9430.000	2317225317655199350784.00	2376021748518716416.00
9440.000	2581345419409332109312.00	29340648069077684224.00
9450.000	2870726076752214360064.00	44636460932439818240.00
9460.000	3185603682425296125952.00	17409164007801475072.00
9470.000	3524072881074602508288.00	-33151118056235372544.00
9480.000	3947095298379300208640.00	-14864861117555822592.00
9490.000	4385701398354596462592.00	-27324750991810879488.00
9500.000	4903747267873070907392.00	-23064608939973390336.00
9510.000	5384535415262595252224.00	9761584861002530816.00
9520.000	5982548363573839527936.00	30248089351021481984.00
9530.000	6664094587631753494528.00	20841716588581154816.00
9540.000	7551858737251825483776.00	-112051316113017307136.00
9550.000	8406916086597543788544.00	249247177273293373440.00
9560.000	9374568275747013656576.00	190069964770152677376.00
9570.000	10433582338062870904832.00	-128747442875285454848.00
9580.000	11646374824188512829440.00	31494681118106124288.00
9590.000	12958377362109147119616.00	-9700676607578445824.00
9600.000	14450778518395780333568.00	-21039868148351557632.00
9610.000	16106220785774494744576.00	465183890724901093376.00
9620.000	18042555238198808674304.00	273960313330755272704.00
9630.000	19895822476057499402240.00	-39732704977614848000.00
9640.000	22069106807224798281728.00	323640652050928173056.00
9650.000	24588278545220248797184.00	-144319103565526499328.00
9660.000	27652078821010315411456.00	47671802576528187392.00
9670.000	30975317952193982627840.00	-119630153913099976704.00
9680.000	34212878210327579197440.00	-62764433127830806528.00
9690.000	38119070327472918626304.00	-462387909349461852160.00
9700.000	42780399432236728844288.00	86435761574614401024.00
9710.000	48106918622683180564480.00	238920976504290803712.00
9720.000	53504771045532033351680.00	1425353190732097126400.00
9730.000	59740801742259678609408.00	-215675816438862249984.00
9740.000	66470481522343691681792.00	-243206693625918750720.00
9750.000	74071599217528836980736.00	-273350792127317180416.00
9760.000	82451501580671241945088.00	-366633127684441571328.00
9770.000	91795158952541455122432.00	469961653959692648448.00
9780.000	101709910288280659689472.00	-924700408176751804416.00
9790.000	112953462481979929788416.00	-53851331839138226176.00
9800.000	125307667049576652603392.00	503763567007775522816.00
9810.000	138601764367421224779776.00	-352805705311820316672.00
9820.000	155012025424067069739008.00	280063274563337682944.00
9830.000	173943542744245828845568.00	-312379021561669550080.00
9840.000	192698662432861434413056.00	-618949447212396838912.00
9850.000	214559963575205310234624.00	633298214877507485696.00
9860.000	241664460576581195137024.00	-1110790688121324306432.00
9870.000	268903804218956381683712.00	-7607959081944932679680.00
9880.000	300588583935433991258112.00	4752627211704594333696.00
9890.000	333507750016891322630144.00	-560969789265627316224.00
9900.000	372106506563578021019648.00	-422424821441532329984.00
9910.000	414608673895253148696576.00	-129375152518941147136.00
9920.000	464398400761787316174848.00	-13583123359369158197248.00
9930.000	516700440754306565537792.00	-5697832548988820127744.00
9940.000	573648558574643439468544.00	1332936437100920700928.00
9950.000	632292713960930247966720.00	9552399239300752867328.00
9960.000	706190196951078204866560.00	7503742167143526957056.00
9970.000	793268659026708970602496.00	100847818479323348992.00
9980.000	877668865016659275939840.00	2705724464633319260160.00
9990.000	981931211735040914358272.00	1182539986247256113152.00
10000.000	1109243571130762329587712.00	-3104517592802928885760.00
10010.000	1225711025421264724426752.00	-20352704188209021583360.00
10020.000	1367936325797749674999808.00	-14003266671122663342080.00
10030.000	1540739596767592288616448.00	-1913185270357341503488.00
10040.000	1712355811165602152710144.00	20177747731297079394304.00
10050.000	1910041639447435596005376.00	-21355279122835219415040.00
10060.000	2124704603760658403557376.00	2510028828098922283008.00
10070.000	2366609041352318794072064.00	824294201818663092224.00
10080.000	2634502522583312039411712.00	30909213863811519348736.00
10090.000	2927368230296049118347264.00	81714706630258383126528.00
10100.000	3248047640488995018768384.00	49677097920122507493376.00
10110.000	3609655069301063517470720.00	-419177049249984806912.00
10120.000	3997440241474200982781952.00	24712777344835813113856.00
10130.000	4496099202141882192756736.00	-38120757798664686010368.00
10140.000	5000358195465885872816128.00	-2711753677627402485760.00
10150.000	5449036529027972520214528.00	20999335904992055787520.00
10160.000	6182285861413072410771456.00	-2347797556631239655424.00
10170.000	6919725785258222942158848.00	-18627113720022621487104.00
10180.000	7711794142234814323884032.00	-286897687463778607693824.00
10190.000	8598897451068881060757504.00	-138075830911996138618880.00
10200.000	9570656182872117023342592.00	78444203200557615153152.00
10210.000	10667229049459195970060288.00	-937226956584553414656.00
10220.000	11894246670306630745194496.00	22224593830311859585024.00
10230.000	13229785924869246213423104.00	-114319934829061059117056.00
10240.000	14814330321580363586994176.00	-403871687658374533480448.00
10250.000	16519862840677373445144576.00	-251037128106700114493440.00
10260.000	18212266710611723150163968.00	-94572643387077405179904.00
10270.000	20296347186884223812239360.00	-19690338008160421281792.00
10280.000	22392630979683184103391232.00	239461492458569397698560.00
10290.000	25362234513446497377320960.00	47324322673053896015872.00
10300.000	28128038578374887075741696.00	-46942491542027583356928.00
10310.000	31317925425524383076581376.00	37057031623213085360128.00
10320.000	35377993784430927902932992.00	-107516833307799060480000.00
10330.000	39248707192107416862851072.00	-498780044229016413011968.00
10340.000	43945445659056594860638208.00	-396968411499814063177728.00
10350.000	48903042655572426720542720.00	-1376300577726797442973696.00
10360.000	54692939444910436386865152.00	34403232338715686731776.00
10370.000	60968196146662422825926656.00	-464671654583245012467712.00
10380.000	67849675405843507982630912.00	-398530786746055293665280.00
10390.000	75603395254236273363124224.00	-326121396949355526619136.00
10400.000	84045112246168394785619968.00	2546437759883117863108608.00
10410.000	92906511157466253385269248.00	1220008257043167224791040.00
10420.000	103835111181970263183982592.00	567739774889937252384768.00
10430.000	115788262096003488817348608.00	1080457657277586992005120.00
10440.000	127338146137770850202419200.00	2323580060406023341473792.00
10450.000	140409083359517264094167040.00	603083611512613506121728.00
10460.000	158404460201760531970785280.00	1505129332587113616506880.00
10470.000	177076824719075497004236800.00	2703171495080808618655744.00
10480.000	196509370000140381699702784.00	-943450696531532924846080.00
10490.000	222235770220797076938162176.00	-8077860226418743049191424.00
10500.000	247083019124378632481406976.00	-5040362464689167076950016.00
10510.000	274741785914785324880363520.00	3925360012919608717606912.00
10520.000	305471554638260239341715456.00	-930945933036137035595776.00
10530.000	341030748233784808156692480.00	36507783449837117112320.00
10540.000	380082623933619990624731136.00	467328960709049198837760.00
10550.000	424319214166013950730174464.00	-8814488301235478078685184.00
10560.000	471983439444838622896848896.00	20765407734774483916947456.00
10570.000	521501851124633427788169216.00	-7901348181623756013174784.00
10580.000	582618420200980597683781632.00	5492298401884386550087680.00
10590.000	650174605512104504085970944.00	271484577197736840921088.00
10600.000	723686409686684736998604800.00	-1549874168868706329821184.00
10610.000	809380390506643991939776512.00	203286505411325827481600.00
10620.000	900397135210449817516900352.00	2865805432510526504566784.00
10630.000	1006311999916755330399207424.00	8694271390842107677638656.00
10640.000	1132139810192034089085698048.00	-8110188321615134962221056.00
10650.000	1256103340549937693754130432.00	-33227961009871975765508096.00
10660.000	1401149753632748806822952960.00	-9418494326757968278716416.00
10670.000	1566360541113085558282780672.00	-9593901909204506723221504.00
10680.000	1752442546555144162894675968.00	298369808216544333791232.00
10690.000	1952000526795691767768285184.00	-62458251699102433606107136.00
10700.000	2169015903112383400238907392.00	2647064557311818295410688.00
10710.000	2411513069623170572367167488.00	-22424339748270154845257728.00
10720.000	2686038924610259127864655872.00	-9397355980217819020132352.00
10730.000	2983315945266355502692958208.00	-9108655662229656352849920.00
10740.000	3301316281702813267499417600.00	2590201870693641532473344.00
10750.000	3680222768096663051058544640.00	11774282675289642422501376.00
10760.000	4081092210195796499978256384.00	27820533062349183009161216.00
10770.000	4546580893748943064217419776.00	17101804618253626352074752.00
10780.000	5030521671222786760214839296.00	-6220069848614467968958464.00
10790.000	5648199509089530259997458432.00	59302776219173151192383488.00
10800.000	6353857537602709011822542848.00	-146802681544481930997661696.00
10810.000	7053976164753625796751392768.00	93793518719910414544535552.00
10820.000	7871222504494935874687991808.00	-369763319849123275698339840.00
10830.000	8788219418525837074039308288.00	725150011442960441278464.00
10840.000	9777103979931641458655756288.00	5850970108222119184695296.00
10850.000	10906134934426625474830532608.00	-23120625736418431957204992.00
10860.000	12162060133758618008041816064.00	71144502916042457004113920.00
10870.000	13582909702016926361686376448.00	-254718114034529043071631360.00
10880.000	15114329255082078946166046720.00	61399943270700506027130880.00
10890.000	16670070812265077222431260672.00	237036900197842059949768704.00
10900.000	18531244794722641945819086848.00	-290426307201038216803123200.00
10910.000	20640647178217950878543904768.00	9981918644786185038200832.00
10920.000	23032632393770487761575346176.00	16700177063703158783475712.00
10930.000	25915283042550126900466941952.00	43652208400257798937509888.00
10940.000	28941662936344592802943860736.00	-174167182937040571267547136.00
10950.000	32232700248261188927881216000.00	445903151251542985100230656.00
10960.000	35970601921884901712884400128.00	588166533571090086105186304.00
10970.000	40424559613995627192843763712.00	-12050713182025222700662784.00
10980.000	44945807195811429408726581248.00	88317089567317844062896128.00
10990.000	50050025330674424801908490240.00	11260469124841472142606336.00
11000.000	55889369771808154717433888768.00	284180838836108030539464704.00
11010.000	62296476116215188907601428480.00	1180732561262956398438776832.00
11020.000	69239896399159094037182414848.00	596037558533689222287589376.00
11030.000	76937612229669163240051965952.00	-1837417259502643947012882432.00
11040.000	85317310271848668756487176192.00	-1154664184680113047026532352.00
11050.000	95224781344412047926399860736.00	-1341201686053422475201478656.00
11060.000	105573238344755135538941394944.00	-1070953744226237234104238080.00
11070.000	117912437290129737234249678848.00	-31174193288694039310237696.00
11080.000	130008649509118566729508716544.00	114383199432351779546726400.00
11090.000	143640998470696242307944939520.00	397310610063295297592754176.00
11100.000	161424787977830198564825858048.00	3380979735801925568756187136.00
11110.000	180749949041860029906696536064.00	-460171333552610585268453376.00
11120.000	203972415346804304715481874432.00	1592122552578689813488599040.00
11130.000	225609149223294526741094072320.00	3254645808488725158836568064.00
11140.000	251181111387636966757448548352.00	-3147738109945677769552691200.00
11150.000	280762377681682495196484337664.00	577030963342028901806243840.00
11160.000	312540272228148678470651609088.00	24523805338965384825405440.00
11170.000	348739442751721519950273183744.00	-970298483143430132169965568.00
11180.000	387849533791722741736121827328.00	9530235363409339944735342592.00
11190.000	434942660667014493904748675072.00	-7972068967710823177462480896.00
11200.000	479962552410785362123761385472.00	3284931005416658899600146432.00
11210.000	533428513639732784873919741952.00	4611845496669175631319138304.00
11220.000	593144687834519147575989239808.00	-3042217544053995708019113984.00
11230.000	664136985066849855563999739904.00	-477715715182808590150795264.00
11240.000	743193545005742755645675798528.00	2269202556957641379571302400.00
11250.000	825032931457975311575023616000.00	201659344471192373355872256.00
11260.000	919263260444023715015539294208.00	-7170003053603607717921947648.00
11270.000	1033341557801440739305803743232.00	17689608885730079448309432320.00
11280.000	1161236451324803929643572789248.00	7964714330409362535802208256.00
11290.000	1292563055609661509213725130752.00	-763318574218976422008979456.00
11300.000	1435203838539684028382944690176.00	11826846538035889386962288640.00
11310.000	1603030685017848333022246469632.00	1816598569999145237781413888.00
11320.000	1786657563349502762856329773056.00	396797636693050426977681408.00
11330.000	1989122557996660079771686797312.00	16981666372427434883865903104.00
11340.000	2219520809267229817403101675520.00	-48871688964900191941225873408.00
11350.000	2452640828062361725103966781440.00	-26922231994286918515994656768.00
11360.000	2732224614295885753911812816896.00	-42904086061903514444794691584.00
11370.000	3030551513877266834639963553792.00	47319159823369857300688797696.00
11380.000	3348982431184350131421223845888.00	-26198440019928975836081815552.00
11390.000	3754026955664876389502338203648.00	81458474665681636240130048.00
11400.000	4169169183434669174040804982784.00	1209144778750965731878240256.00
11410.000	4668628896193951104488706146304.00	-57739747447055798457134481408.00
11420.000	5182807066780860387244254429184.00	57918150704208263257268420608.00
11430.000	5830523701831473163274129768448.00	33234925460202926049601781760.00
11440.000	6478357968968307168248663638016.00	-79979855352046467100903997440.00
11450.000	7247558647363146883807626395648.00	34070116960897288979206897664.00
11460.000	8051113042515654290539496341504.00	8793868845010739044613619712.00
11470.000	8965500775574009625273962594304.00	-5550867385086758029549895680.00
11480.000	10000771686759400308328397537280.00	-13653529444562553361257201664.00
11490.000	11164048777282463734307693264896.00	-107715010101701959278475083776.00
11500.000	12436741868707522840219059486720.00	246636079453469319005693018112.00
11510.000	13796894141333281239907895869440.00	23306993276378927199258935296.00
11520.000	15287651991700745317697464565760.00	32721863063802220042619191296.00
11530.000	17028033918469928277503532597248.00	199945231459178830959172648960.00
11540.000	19047594462736197715787522244608.00	-69842071381011679841703952384.00
11550.000	21232594262485858721162397220864.00	56857423090983365891976069120.00
11560.000	23798093657342699011165585932288.00	20773033004069929379405234176.00
11570.000	26629692209656758789813068365824.00	-30106784920372337366932652032.00
11580.000	29436283188360445170369907654656.00	2581516618102828187034583040.00
11590.000	33029253351866886919984517218304.00	40911512698978472200180334592.00
11600.000	36989496379993930310591853887488.00	-18241042120902366264316395520.00
